[{"model": "sessions.session", "pk": "0t364xbo79usef208kkdd6qkbyu2bk4i", "fields": {"session_data": ".eJxVjEEOgyAUBe_C2hBBAXHZfc9APvCs1EYb0aSN8e6tiYt2-2bebMzRuvRuzZhdiqxlghW_m6cwYDxAvNN4m3iYxmVOnh8KP2nm1ynicTndv0BPuf--tQGUaeAb0ZAOIdpInQg6WFhdoVbwQSojOygpCeRVVUJKRGWN6kR9RDNyTtPo8Hqm-c3asmCe8oCFtdu-fwDW_0P_:1naCRd:kNj4I4_G8HeRtYI_eV03E4eeLgkGd_6KN4tGmq49nO0", "expire_date": "2022-04-15T08:15:45.198Z"}}, {"model": "sessions.session", "pk": "2snu7r7p5diqtejlxeo5z6jyb8haep46", "fields": {"session_data": "e30:1nZaCb:fEIS9J7oTbjuwM-s0kV3avvFh4xImpcaaJG_B_m67PY", "expire_date": "2022-04-13T15:25:41.020Z"}}, {"model": "sessions.session", "pk": "32sb5de4e6eozhophldu6um954ujakfk", "fields": {"session_data": ".eJxtjMtqwzAURP_lro2x5EdkL7st_Qah-1CtppWLrwNNg_-9UcgigW6GYebMXMCH0zb7k8rqE8MEBqrHDAMdJZeCP0J-X2pa8rYmrAtS31ut3xaWz5c7-3QwB52vaxSLpiPbE2No0VluXIgju7HjlgxGbJks0RjtIHEgZoni2HV9M1iUQzlVUU1L9vLzndYzTE0FGPQoG0wXMH3RtMmXejx7Tb9SgleYzL5XYMarqcD-C1mb8o3b9z_Sdlq8:1ncAcn:x439qq1UlqOaaZ5x5a6EFnYIa5uXjIN5l3UYDSRNx0I", "expire_date": "2022-04-20T18:43:25.399Z"}}, {"model": "sessions.session", "pk": "3kdzk7sajqziw4s3rwcg3cjrun3v5w1s", "fields": {"session_data": ".eJxVjMsOgjAUBf_lrkkD5WFh6d5vaHoflappDYVEQ_h3JWGh2zNzZgXrlnm0S5bJBoYBKih-N3R0l7gDvrl4TYpSnKeAalfUQbO6JJbH-XD_AqPL4_eNorFqSLfE6Go0mkvjfM-mb7imCj3WTJqo97oT3xGzeDFsmrbsNMppj2bJOaRo5fUM0xuGsgB0-S4zDOu2fQARukUL:1naiY0:bEQmwoaykMTMjjJDngBmPc1GCbEbetKoQ3P70V59xik", "expire_date": "2022-04-16T18:32:28.961Z"}}, {"model": "sessions.session", "pk": "5z6p45orfo4izs07kkhm18qieofgw869", "fields": {"session_data": ".eJxVjDsOwjAQRO_iGlnxH1PScwZr1-vFAeRIcVIh7k4ipYBimnlv5i0SrEtNay9zGklchBKn3w4hP0vbAT2g3SeZp7bMI8pdkQft8jZReV0P9--gQq_buuhgjSP2YNTAOvpoyXnkLaFwNKwDDY6z0sjorGfI1kVjEBVEPpP4fAHiEDhC:1ndX59:JE5Li0sZ-V-4rIQ4sn5m4I48jw5LPs18W6KIW-Ri8pQ", "expire_date": "2022-04-24T12:54:19.825Z"}}, {"model": "sessions.session", "pk": "8xxl7mw9oimisz1ftm2ywxbx05wdgazu", "fields": {"session_data": ".eJxVjEEOgjAURO_StWls4bfUpXvO0Pz-TgU1kFBYGe-uJCx0O--9eanI2zrErWKJY1YXZdTpd0ssD0w7yHeebrOWeVqXMeld0Qetup8zntfD_TsYuA7f2nmAfIfUmY6dSA6ZixEnAcE1aAlJLHlbQNYyOFFzhrXIFDwV06r3BwocOKY:1nLlBT:GUHd8eQ5xAvk8zHoy-gPiHm5HGxe_hzA0EV-fZRTfsI", "expire_date": "2022-03-06T12:19:23.953Z"}}, {"model": "sessions.session", "pk": "eb9qy1kmjmupwkceomn2kie12uu0ngnn", "fields": {"session_data": ".eJxVjEEOgyAUBe_C2hBBAXHZfc9APvCs1EYb0aSN8e6tiYt2-2bebMzRuvRuzZhdiqxlghW_m6cwYDxAvNN4m3iYxmVOnh8KP2nm1ynicTndv0BPuf--tQGUaeAb0ZAOIdpInQg6WFhdoVbwQSojOygpCeRVVUJKRGWN6kR9RDNyTtPo8Hqm-c3asmCe8oCFtdu-fwDW_0P_:1nZzwi:h_D7K34IXDQAT3wyAJS-irZAccJF-Erz18Rumd1xdh8", "expire_date": "2022-04-14T18:55:00.159Z"}}, {"model": "sessions.session", "pk": "gko41wsyk7h03xmkkbh2auxjtwxycg84", "fields": {"session_data": ".eJxVjEEOwiAQAP_C2RC60Io9evcNhGUXixpoSptojH83JD3odWYyb-H8tk5uq7y4RGIUnTj8MvThzrkJuvl8LTKUvC4JZUvkbqu8FOLHeW__BpOvU9tasAw6GhOCGXqO2qLXlj0NqMGSOhmDg-8xEnRojwQQWQECsCHTqzatXGsq2fFzTstLjOrzBY9EPzE:1nd8Ss:M168Rrin8E-KgpJ4fVQZR2goWzcgzu-Bw_TcHcLt9a4", "expire_date": "2022-04-23T10:37:10.775Z"}}, {"model": "sessions.session", "pk": "hdsj3el1m93ffwtolkh2lhjhakis1wge", "fields": {"session_data": ".eJyrVkpKLM5OLVGyqlYyBBGZJam5xfFJlfHFmVWpIAE_RyUro9paHSUjnNKGtUAAAJpiGLk:1nU6Nu:4kjivhMmUEkt8nvVZvWQWPMyiTNmeMQ3F7YvcvQKyok", "expire_date": "2022-03-29T12:34:42.275Z"}}, {"model": "sessions.session", "pk": "iec7fby4gqbx3rih6x12wfdvtpd4s4ot", "fields": {"session_data": ".eJxVjDEOgzAQBP9ydWTFhrMxZXregM72EggRSBgqxN8TJBranZndKUgesVK9U0G1Ph7Uyrb27ZaxtEOimjTdtiBxxHSC9JHpPas4T-syBHUq6qJZNXPC93W5t4Necv-vrQPYVQiVrsTGmHySTkcbPbwtUDJCNOxMBzZGIIGLJ4xBYu-40yUdP5NUPaQ:1nReLx:gJIm5DOgY0N0XA-Aoe0DDpBX06mrpH5O99w4vO8LGgU", "expire_date": "2022-03-22T18:14:33.001Z"}}, {"model": "sessions.session", "pk": "iow7bbym7sgl3ymrfnomts435shr2dyp", "fields": {"session_data": "eyJiYXNrZXQiOnsiMSI6eyJpdGVtc19ieV9zaXplIjp7IjIwaW4iOjF9fX19:1nT4v3:juLnz4SDfZjHpY2IlMe0-CBo3NRhVFxch5W0gnNFyY8", "expire_date": "2022-03-26T16:48:41.257Z"}}, {"model": "sessions.session", "pk": "j2vftw2q6xtxqw8hdll4p0j1jitoakv8", "fields": {"session_data": ".eJxVjMsOwiAUBf-FtSHlUQSX7vsNhPtAqgaS0q6M_65NutDtmZnzEjFta4lb5yXOJC5CidPvBgkfXHdA91RvTWKr6zKD3BV50C6nRvy8Hu7fQUm9fGtgDcqiHpEgGfCaBp9yIB8sGVSQwRBqxJC14-yQiDN78nYcnAY-i_cHI0g5sg:1nd5T2:Mhiu3_WoyljMDn4OG4JMdymDwrDq9gwrKs9aoRourHQ", "expire_date": "2022-04-23T07:25:08.575Z"}}, {"model": "sessions.session", "pk": "ju07wgxt1xhrl1vgi6yoxw0iuxlr0i1x", "fields": {"session_data": ".eJxVjEEOwiAQAP_C2RC60Io9evcNhGUXixpoSptojH83JD3odWYyb-H8tk5uq7y4RGIUnTj8MvThzrkJuvl8LTKUvC4JZUvkbqu8FOLHeW__BpOvU9tasAw6GhOCGXqO2qLXlj0NqMGSOhmDg-8xEnRojwQQWQECsCHTqzatXGsq2fFzTstLjOrzBY9EPzE:1ndFqd:YktpWi2_Li-J1JXGd8c6Q4MUsrVC4nPqmgn0jnK2ZBg", "expire_date": "2022-04-23T18:30:11.718Z"}}, {"model": "sessions.session", "pk": "n91c1me6qshsiqvhn7lsp65p9w64fsxx", "fields": {"session_data": ".eJxVjMsOgjAUBf_lrkkD5WFh6d5vaHoflappDYVEQ_h3JWGh2zNzZgXrlnm0S5bJBoYBKih-N3R0l7gDvrl4TYpSnKeAalfUQbO6JJbH-XD_AqPL4_eNorFqSLfE6Go0mkvjfM-mb7imCj3WTJqo97oT3xGzeDFsmrbsNMppj2bJOaRo5fUM0xuGsgB0-S4zDOu2fQARukUL:1nawox:SBpzPfWJMPpsQXs70SGZLHhdXpRIx6qe_0wof9Ukr_A", "expire_date": "2022-04-17T09:46:55.580Z"}}, {"model": "sessions.session", "pk": "nmbu0virb48zfxg2z7ihj6fxdrrgrkaj", "fields": {"session_data": ".eJxVjkEOgyAURO_y14YICgjL7nsG8oFvpW20EU3aGO9eSVy0m1nMvJnMBg7XZXBrptmlCBY4VL-ex_CgsQTxjuNtYmEalzl5VhB2ppldp0jPy8n-DQyYh6OtNJHUHfmOd6hCiCZiz4MKhoxqqJXkg5Ba9CSFQEIvm5qEoCiNlj1vy2imnNM0Onq_0vwBW1fgMT9oAbtBA5ZXx_ui4tB9_wJq_Eb6:1naHde:1gNbRrYI8_QsmgOePYeMtHmprZvnRuAymTeWyUI_x98", "expire_date": "2022-04-15T13:48:30.891Z"}}, {"model": "sessions.session", "pk": "ntrufuc6axz2iroxc01muey47fg064hj", "fields": {"session_data": ".eJxVjEEOgjAURO_StWls4bfUpXvO0Pz-TgU1kFBYGe-uJCx0O--9eanI2zrErWKJY1YXZdTpd0ssD0w7yHeebrOWeVqXMeld0Qetup8zntfD_TsYuA7f2nmAfIfUmY6dSA6ZixEnAcE1aAlJLHlbQNYyOFFzhrXIFDwV06r3BwocOKY:1nKmaz:9zWgvyzhz6J2uujViqGf7_l3Jtndl1m17FgMF1G-Xf4", "expire_date": "2022-03-03T19:37:41.306Z"}}, {"model": "sessions.session", "pk": "pcfu0trh2yobjrvw0aw3cmrq3m8yixxx", "fields": {"session_data": "e30:1nZaOC:-VmGlF7I3B7QhMUYI7lDcLowgv6kyBIciB7j8LjdJ6w", "expire_date": "2022-04-13T15:37:40.852Z"}}, {"model": "sessions.session", "pk": "s2c83srjaodm4nxbki8l3gxhmbku2k6z", "fields": {"session_data": "e30:1nZaCG:Ntpu8u7eDSahiqMWpSFAUMnxdiWDigUU8HWSTn3hcG4", "expire_date": "2022-04-13T15:25:20.834Z"}}, {"model": "sessions.session", "pk": "s417xt8somonzv1lqk947vjgrew2g2ma", "fields": {"session_data": ".eJxVjMsOwiAUBf-FtSHlUQSX7vsNhPtAqgaS0q6M_65NutDtmZnzEjFta4lb5yXOJC5CidPvBgkfXHdA91RvTWKr6zKD3BV50C6nRvy8Hu7fQUm9fGtgDcqiHpEgGfCaBp9yIB8sGVSQwRBqxJC14-yQiDN78nYcnAY-i_cHI0g5sg:1ncv23:Q_wkijkcPKTV4TZGE_SsmMxVF7JxDHEI_8wUuu3Ksm4", "expire_date": "2022-04-22T20:16:35.129Z"}}, {"model": "sessions.session", "pk": "sht0qpdz3igy0xwm5w26y778wtn8j45d", "fields": {"session_data": ".eJyrVkpKLM5OLVGyqlYyBBGZJam5xfFJlfHFmVWpIAEjo8w8JSsjHSVDCxDDsLZWR8kUq0o_R6i0MU5p01ogAACAbyWG:1nShKH:IzQ4cFKv--p2h4yCqTFvrS2GHAK176Xmzm2C5rutplE", "expire_date": "2022-03-25T15:37:09.193Z"}}, {"model": "sessions.session", "pk": "tphhu1g5g3s8ho5hjvthdi7t27ie6zah", "fields": {"session_data": ".eJxVjMtuwyAURP_lri0r4ODXsuv2G9AFxjWNA5XBVR7yvzdUUaVsZjFnztyJrY1byPoHq588nMaZ_UJj2Jal-qdbwkojSarIcDoh03inpoTPOCdtrjr5G0rxTqPY970izVue_0zt3UMW9NIZtieEAtwXh89Y2xjy6k1dJvWTpvojOixvz-3LwcxpfthtB6iuh-lFz621bnA8CdvaAUPb4KhgrFSdnKCkZLBRzQFSwqmhU5M4ltOElHwMGpdvv15pPOy_3PdfIA:1nZrjw:xQZChF1Tj7eeJT92tUhhtTQkt9TD3mu-I967Sq22JS0", "expire_date": "2022-04-14T10:09:16.136Z"}}, {"model": "sessions.session", "pk": "umaxrtrrhpgzljitu8qg38xanzy8h05o", "fields": {"session_data": ".eJxVjMEOwiAQBf-Fc0MopS306N1vIAu7WNSAgdZojP-uTXrQ65t582IW1mW2a6ViI7KJdaz53Rz4C6UN4BnSKXOf01Ki45vCd1r5MSNdD7v7F5ihzt93GLo-qFY6qXqlkAyRkYSdkX5s2zAYJE0GOoGEWgcQTozOGSDwXotRb9FKtcacLD1usTzZJBpW4U42ppDZtJSV3h8V1kYG:1nZy3X:FgcJy88xZzQiMDtUSbL9Ivkx0P1OKZhgmeHI2iTE8R8", "expire_date": "2022-04-14T16:53:55.616Z"}}, {"model": "sessions.session", "pk": "vg11v7uifr0kg4yv4l8kqi9osag5rkac", "fields": {"session_data": ".eJxVjEEOgjAURO_StWls4bfUpXvO0Pz-TgU1kFBYGe-uJCx0O--9eanI2zrErWKJY1YXZdTpd0ssD0w7yHeebrOWeVqXMeld0Qetup8zntfD_TsYuA7f2nmAfIfUmY6dSA6ZixEnAcE1aAlJLHlbQNYyOFFzhrXIFDwV06r3BwocOKY:1nK4Hj:6_dUOd_cXT5_NBtAYEBVW4ITsTRdx4Vr6rmF2B62OKs", "expire_date": "2022-03-01T20:18:51.479Z"}}, {"model": "sessions.session", "pk": "w3wvdh42k7tzampgyljnam6ptdyutlv1", "fields": {"session_data": ".eJxVjEEOwiAUBe_C2pBCC5Qu3XsG8oFXixowpU00xrtrky50-2bevJijdZncWjG7FNnABDv8bp7CFXkD8UL5XHgoeZmT55vCd1r5qUTcjrv7F5ioTt-3NoAyPXwvetIhRBtpFEEHC6tbdAo-SGXkCCUlgbxqG0iJqKxRo-i2aEWtqWSHxz3NTzY07w_BWz_j:1nGHPg:OelTGv_vUHGTW_x6OUu0-D3xjBfbMkZcya3yKrDCz7M", "expire_date": "2022-02-19T09:31:24.275Z"}}, {"model": "sessions.session", "pk": "xxm61ptp87q5tbienfppg1n78adeos93", "fields": {"session_data": ".eJxVjrEOgzAQQ__lZhQ1Vy4hGbv3G9AlOQqlAonAhPj3BomhXTzYz5Z3aHlb-3bLsrRDAg8aql8vcBxlOoP05uk1qzhP6zIEdSLqSrN6zkk-j4v9G-g596VtrAjZRkKjGzYxJpe409FEJ87cpSYJEcliJ4TIwoHuN0GURM5Sp-syGjiPsoLfy0ePFRB4XQEWPY4v4dE_wA:1nRBOH:kvhg2TsH8yrKUeuxtS0StqcPraYBDczqUtrB0gERPlw", "expire_date": "2022-03-21T11:19:01.803Z"}}, {"model": "sites.site", "pk": 1, "fields": {"domain": "cartwrightsjewellery&goldsmiths.example.com", "name": "Cartwright's Jewellery & Goldsmiths"}}, {"model": "products.category", "pk": 1, "fields": {"name": "rings", "friendly_name": "Rings"}}, {"model": "products.category", "pk": 2, "fields": {"name": "chains", "friendly_name": "Chains"}}, {"model": "products.category", "pk": 3, "fields": {"name": "earings", "friendly_name": "Earings"}}, {"model": "products.category", "pk": 4, "fields": {"name": "bracelets", "friendly_name": "Bracelets"}}, {"model": "products.category", "pk": 5, "fields": {"name": "watches", "friendly_name": "Watches"}}, {"model": "products.category", "pk": 6, "fields": {"name": "bee_collection", "friendly_name": "Bee Collection"}}, {"model": "products.category", "pk": 7, "fields": {"name": "sheep_collection", "friendly_name": "Sheep Collection"}}, {"model": "products.category", "pk": 8, "fields": {"name": "elegance_collection", "friendly_name": "Elegance Collection"}}, {"model": "products.category", "pk": 9, "fields": {"name": "new_arrivals", "friendly_name": "New Arrivals"}}, {"model": "products.category", "pk": 10, "fields": {"name": "deals", "friendly_name": "Deals"}}, {"model": "products.product", "pk": 1, "fields": {"category": 2, "sku": "cjg2022001c", "name": "9ct Yellow Gold Micro Belcher 2mm Gauge Pendant Chain", "description": "Solid 9ct yellow gold traditional English micro belcher pendant chain necklace in 16in fitted with a lobster trigger clasp.", "has_sizes": false, "price": "49.99", "rating": "3.60", "image_url": null, "image": "cjg2022001c.jpeg"}}, {"model": "products.product", "pk": 2, "fields": {"category": 2, "sku": "cjg2022002c", "name": "9ct Yellow Gold Round Belcher 4.8mm Gauge Chain", "description": "Solid 9ct yellow gold traditional English round belcher pendant chain necklace in 18in fitted with a trigger clasp.", "has_sizes": false, "price": "99.99", "rating": "4.20", "image_url": null, "image": "cjg2022002c.jpeg"}}, {"model": "products.product", "pk": 3, "fields": {"category": 1, "sku": "cjg2022001r", "name": "9ct Yellow Gold Cubic Zirconia Ring", "description": "Solid 9ct yellow gold hand finished 3-stone ring hand-set with cubic zirconia stones.", "has_sizes": false, "price": "149.99", "rating": "4.10", "image_url": null, "image": "cjg2022001r.jpeg"}}, {"model": "products.product", "pk": 4, "fields": {"category": 1, "sku": "cjg2022002r", "name": "9ct Yellow Gold Cubic Zirconia Ring", "description": "Solid 9ct yellow gold hand finished 3-stone ring hand-set with cubic zirconia stones.", "has_sizes": false, "price": "199.99", "rating": "4.00", "image_url": null, "image": "cjg2022002r.jpeg"}}, {"model": "products.product", "pk": 5, "fields": {"category": 1, "sku": "cjg2022003r", "name": "9ct Yellow Gold Cubic Zirconia Saddle Ring", "description": "Solid 9ct yellow gold hand finished saddle design Children's ring hand-set with cubic zirconia stones.", "has_sizes": false, "price": "199.99", "rating": "4.80", "image_url": null, "image": "cjg2022003r.jpeg"}}, {"model": "products.product", "pk": 6, "fields": {"category": 1, "sku": "cjg2022004r", "name": "9ct Yellow Gold Cubic Zirconia Buckle Ring", "description": "Solid 9ct yellow gold hand finished buckle design Children's ring hand-set with cubic zirconia stones.", "has_sizes": false, "price": "149.99", "rating": "4.10", "image_url": null, "image": "cjg2022004r.jpeg"}}, {"model": "products.product", "pk": 11, "fields": {"category": 2, "sku": "cjg2022003c", "name": "9ct Gold Polished & Lizard Cast Curb Chain", "description": "Solid 9ct yellow gold hand polished and lizard finish curb chain with a box snap fitting. This is a Bespoke made to order, Hand assembled item. Each bespoke jewellery item is unique and made to order, and therefore will be despatched within 30 days.", "has_sizes": true, "price": "199.99", "rating": "4.00", "image_url": null, "image": "cjg2022003c.jpeg"}}, {"model": "products.product", "pk": 12, "fields": {"category": 2, "sku": "cjg2022004c", "name": "9ct Yellow Gold Solid Cast Infiniti Chain", "description": "9ct Yellow Gold Solid Cast Infiniti Chain. This is a Bespoke made to order, Hand assembled item. Each bespoke jewellery item is unique and made to order, and therefore will be despatched within 30 days.", "has_sizes": true, "price": "199.99", "rating": "5.00", "image_url": null, "image": "cjg2022004c.jpeg"}}, {"model": "products.product", "pk": 14, "fields": {"category": 1, "sku": "cjg2022004r", "name": "9ct Yellow Gold 10Th St George Ring", "description": "Solid 9ct yellow gold 10th Kruger and size St George coin ring - this is Not a Sovereign coin.", "has_sizes": true, "price": "159.99", "rating": "3.50", "image_url": null, "image": "cjg2022004r.jpeg"}}, {"model": "products.product", "pk": 15, "fields": {"category": 1, "sku": "cjg2022003r", "name": "9ct Yellow Gold CZ Set Watch Strap & Bezel Ring", "description": "Solid 9ct Yellow Gold Child's CZ Set Watch Strap & Bezel Ring", "has_sizes": true, "price": "149.99", "rating": "3.00", "image_url": null, "image": "cjg2022003r.jpeg"}}, {"model": "products.product", "pk": 16, "fields": {"category": 1, "sku": "cjg2022002r", "name": "9ct Yellow Gold Cubic Zirconia Ring", "description": "Solid 9ct yellow gold hand finished 3-stone ring hand-set with cubic zirconia stones.", "has_sizes": true, "price": "149.99", "rating": "4.00", "image_url": null, "image": "cjg2022002r.jpeg"}}, {"model": "products.product", "pk": 17, "fields": {"category": 3, "sku": "cjg2022001e", "name": "9ct Yellow Gold Ball Studs", "description": "Solid 9ct yellow gold 3mm ball studs.", "has_sizes": false, "price": "29.99", "rating": "3.00", "image_url": null, "image": "cjg2022001e.jpeg"}}, {"model": "products.product", "pk": 18, "fields": {"category": 3, "sku": "cjg2022002e", "name": "9ct Yellow Gold Ball Studs", "description": "Solid 9ct yellow gold 4mm ball studs.", "has_sizes": false, "price": "29.99", "rating": "3.00", "image_url": null, "image": "cjg2022002e.jpeg"}}, {"model": "products.product", "pk": 19, "fields": {"category": 3, "sku": "cjg2022003e", "name": "18ct Yellow Gold 1ct Claw set Earrings", "description": "Solid 18ct Yellow Gold 1ct Claw set earrings", "has_sizes": false, "price": "249.99", "rating": "5.00", "image_url": null, "image": "cjg2022003e.jpeg"}}, {"model": "products.product", "pk": 20, "fields": {"category": 3, "sku": "cjg2022004e", "name": "18ct White Gold 1ct Claw set Earrings", "description": "Solid 18ct White Gold 1ct Claw set earrings", "has_sizes": false, "price": "249.99", "rating": "5.00", "image_url": null, "image": "cjg2022004e.jpeg"}}, {"model": "products.product", "pk": 21, "fields": {"category": 4, "sku": "cjg2022001b", "name": "9ct Yellow Gold Solid Rope Bracelet", "description": "Solid 9ct yellow gold solid rope chain - 4.2mm gauge", "has_sizes": false, "price": "99.99", "rating": "3.50", "image_url": null, "image": "cjg2022001b.jpeg"}}, {"model": "products.product", "pk": 22, "fields": {"category": 4, "sku": "cjg2022002b", "name": "9ct Yellow Gold Belcher Bracelet", "description": "Solid 9ct yellow gold chunky belcher bracelet with a nautical style bolt ring", "has_sizes": false, "price": "109.99", "rating": "3.80", "image_url": null, "image": "cjg2022002b.jpeg"}}, {"model": "products.product", "pk": 23, "fields": {"category": 6, "sku": "cjg2022-bee001", "name": "Diamond set Honey Bee Necklace, Handmade in Argentium Silver & 9ct Gold", "description": "This dazzling Honey Bee pendant is beautifully made with solid *Argentium silver body that is set with contrasting brilliant cut naturally mined Diamonds with a minimum quality of G/Vs to add a bit of sparkle, it is finished off with solid 9ct Gold wings, it is available with a Silver 9ct chain.\r\n\r\nDimensions are around 23x14mm without the pendant loop but size and shape can vary slightly as each one is individually handmade", "has_sizes": true, "price": "205.99", "rating": "5.00", "image_url": null, "image": "cjg2022-bee001.jpeg"}}, {"model": "products.product", "pk": 24, "fields": {"category": 6, "sku": "cjg2022-bee002", "name": "9ct Gold Honey Bee and Fixed Diamond set flower necklace", "description": "A beautiful handmade Honey Bee necklace with the added luxury of a gold flower charm set with a genuine brilliant cut Diamond.\r\n\r\nThe Honey Bee & flower necklace is beautifully handcrafted in solid 9ct Gold. The pendant is fixed to a 9ct diamond cut faceted belcher chain. \r\n\r\nDimensions of Bee is around 23x14mm without the pendant loop, each one is individually made so size and shape can vary slightly.", "has_sizes": true, "price": "429.99", "rating": "5.00", "image_url": null, "image": "cjg2022-bee002.jpeg"}}, {"model": "products.product", "pk": 25, "fields": {"category": 7, "sku": "cjg2022-sheep001", "name": "Handmade silver sheep necklace, individually crafted in Wales.", "description": "The Sheep pendant is beautifully made here in Wales, with the finest pure silver wire and sheet and each one comes with its own solid sterling silver cable link chain.\r\n\r\nEach individually crafted sheep is made by hand, so the size and shape may vary slightly from the photo, although it will be based on the chosen style, this gives each piece a character and you can be sure that your pendant is one of a kind! Average dimensions are around 18x18mm.", "has_sizes": true, "price": "89.99", "rating": "4.50", "image_url": null, "image": "cjg2022-sheep001.jpeg"}}, {"model": "products.product", "pk": 26, "fields": {"category": 7, "sku": "cjg2022-sheep002", "name": "9ct Rose gold & Silver sheep necklace, individually hand crafted in Wales", "description": "The Sheep pendant is beautifully made here in Wales, with solid a solid 9ct red gold body and head with a fine silver wire fleece, each one comes with its own solid 9ct rose gold chain.\r\n\r\nEach individually crafted sheep is made by hand so the size and shape may vary slightly from the photo, although it will be based on the chosen style, this gives each piece a character and you can be sure that your pendant is one of a kind! on average they measure around 18x18mm.", "has_sizes": true, "price": "329.99", "rating": "4.50", "image_url": null, "image": "cjg2022-sheep002.jpeg"}}, {"model": "products.product", "pk": 27, "fields": {"category": 8, "sku": "cjg2022-ele001", "name": "9ct Rose Gold Morganite & Diamond Earrings.", "description": "Morganite Tear Drop Shape Earrings from the Dream collection.\r\nIntroducing the quintessence of femininity with our teardrop morganite collection.\r\nAccentuated with complimentary rose gold and surrounded with diamonds; these pieces truly are a dream.\r\nFeaturing a peach toned morganite stone and pave diamonds (0.17cts) set into 9ct rose gold.", "has_sizes": false, "price": "699.99", "rating": "5.00", "image_url": null, "image": "cjg2022-ele001.jpeg"}}, {"model": "products.product", "pk": 28, "fields": {"category": 10, "sku": "cjg2022-deal001", "name": "Moissanite Diamond Tester", "description": "With Moissanite's Diamond Tester, no power pack or spring clips are needed and it works off a 9-volt battery. the Moissanite terminator ii has dual test voltages to insure 100% accuracy. until recently and diamond simulants could be distinguished from genuine diamond using a thermal tester like the Mizar Diamond Detective. however and the recent introduction of synthetic Moissanite has necessitated a second test to make sure that what first tests as diamond is not in fact Moissanite. The Moissanite terminator ii is designed to perform this test. this tester should be used in addition to the traditional diamond tester or when only test for Moissanite is required. This tester is not designed to tell difference between diamond and simulants other than Moissanite.", "has_sizes": false, "price": "129.99", "rating": "3.00", "image_url": null, "image": "cjg2022-deal001.jpeg"}}, {"model": "products.product", "pk": 29, "fields": {"category": 9, "sku": "cjg2022-new001", "name": "9ct Gold Cast Lizard & Polished Id Curb Bracelet", "description": "Solid 9ct yellow gold hand polished and lizard finish ID 5.0in child curb bracelet with a box snap fitting.", "has_sizes": false, "price": "99.99", "rating": "4.00", "image_url": null, "image": "cjg2022-new001.jpeg"}}, {"model": "products.product", "pk": 30, "fields": {"category": 5, "sku": "cjg2022-watch001", "name": "CITIZEN Mens ECO DRIVE Perpetual Chronograph BL5472-01E", "description": "Dial Color: Black, Case Shape: Round Band Color: Brown, Band Material: Leather Watch Movement Type: Light Powered, Watch Display Type: Analog Chronograph, Perpetual Calenddar Date/Day Display, Water Resistant", "has_sizes": false, "price": "499.99", "rating": "5.00", "image_url": null, "image": "cjg2022-watch001.jpeg"}}, {"model": "checkout.order", "pk": 1, "fields": {"order_number": "B4DBCEDAD4AC43CCB17157F7CB3B3B9E", "user_profile": null, "full_name": "test", "email": "test@test.com", "phone_number": "1234568", "country": "US", "postcode": "12345", "town_or_city": "abhdgsujd;s", "street_address1": "ahdsuuihsjd", "street_address2": null, "county": "jhbsdfhbash", "date": "2022-03-27T09:42:30.579Z", "delivery_cost": "0.00", "order_total": "0.00", "grand_total": "0.00", "original_basket": "", "stripe_pid": ""}}, {"model": "checkout.order", "pk": 2, "fields": {"order_number": "7F70E614B5DE4E80888F243BEAC4503F", "user_profile": null, "full_name": "test2", "email": "test2@test.com", "phone_number": "0123456", "country": "US", "postcode": "12345", "town_or_city": "abhdgsujd;s", "street_address1": "ahdsuuihsjd", "street_address2": null, "county": "jhbsdfhbash", "date": "2022-03-27T14:03:31.035Z", "delivery_cost": "0.00", "order_total": "99.99", "grand_total": "99.99", "original_basket": "", "stripe_pid": ""}}, {"model": "checkout.order", "pk": 3, "fields": {"order_number": "2EAD8EDACDE845AFB26658251E716544", "user_profile": null, "full_name": "test3", "email": "test3@test.com", "phone_number": "1234568", "country": "US", "postcode": "12345", "town_or_city": "abhdgsujd;s", "street_address1": "ahdsuuihsjd", "street_address2": "nkdfjhsdfjsuidj", "county": "jhbsdfhbash", "date": "2022-03-27T15:09:06.691Z", "delivery_cost": "0.00", "order_total": "249.98", "grand_total": "249.98", "original_basket": "", "stripe_pid": ""}}, {"model": "checkout.order", "pk": 4, "fields": {"order_number": "51C9E08397B64E0D818544F4AD4F39A4", "user_profile": null, "full_name": "test3", "email": "test3@test.com", "phone_number": "1234568", "country": "US", "postcode": "12345", "town_or_city": "abhdgsujd;s", "street_address1": "ahdsuuihsjd", "street_address2": "nkdfjhsdfjsuidj", "county": "jhbsdfhbash", "date": "2022-03-28T09:06:31.418Z", "delivery_cost": "0.00", "order_total": "149.99", "grand_total": "149.99", "original_basket": "", "stripe_pid": ""}}, {"model": "checkout.order", "pk": 5, "fields": {"order_number": "0FCCBE86F29240F9991CD6ED9A271A36", "user_profile": null, "full_name": "test3", "email": "test@test.com", "phone_number": "1234568", "country": "US", "postcode": "12345", "town_or_city": "abhdgsujd;s", "street_address1": "ahdsuuihsjd", "street_address2": "nkdfjhsdfjsuidj", "county": "jhbsdfhbash", "date": "2022-03-28T09:22:16.539Z", "delivery_cost": "5.00", "order_total": "49.99", "grand_total": "54.99", "original_basket": "", "stripe_pid": ""}}, {"model": "checkout.order", "pk": 6, "fields": {"order_number": "D53621044E8B4D60A89EAE8AE03A747D", "user_profile": null, "full_name": "test3", "email": "test@test.com", "phone_number": "1234568", "country": "US", "postcode": "12345", "town_or_city": "abhdgsujd;s", "street_address1": "ahdsuuihsjd", "street_address2": "nkdfjhsdfjsuidj", "county": "jhbsdfhbash", "date": "2022-03-28T09:31:39.409Z", "delivery_cost": "0.00", "order_total": "149.99", "grand_total": "149.99", "original_basket": "", "stripe_pid": ""}}, {"model": "checkout.order", "pk": 7, "fields": {"order_number": "237B17B493F944C19E738ACF9A84C8D7", "user_profile": null, "full_name": "test3", "email": "test@test.com", "phone_number": "1234568", "country": "US", "postcode": "12345", "town_or_city": "abhdgsujd;s", "street_address1": "ahdsuuihsjd", "street_address2": "nkdfjhsdfjsuidj", "county": "jhbsdfhbash", "date": "2022-03-28T09:39:11.662Z", "delivery_cost": "0.00", "order_total": "149.99", "grand_total": "149.99", "original_basket": "", "stripe_pid": ""}}, {"model": "checkout.order", "pk": 8, "fields": {"order_number": "20E45601B7E44CED92EA52188F184D8A", "user_profile": null, "full_name": "test", "email": "test@test.com", "phone_number": "1234568", "country": "US", "postcode": "12345", "town_or_city": "abhdgsujd;s", "street_address1": "ahdsuuihsjd", "street_address2": "nkdfjhsdfjsuidj", "county": "jhbsdfhbash", "date": "2022-03-28T10:26:25.251Z", "delivery_cost": "0.00", "order_total": "149.99", "grand_total": "149.99", "original_basket": "", "stripe_pid": ""}}, {"model": "checkout.order", "pk": 9, "fields": {"order_number": "D5E435EF2AA04BC58E4BBAA824E086D0", "user_profile": null, "full_name": "test3", "email": "test@test.com", "phone_number": "1234568", "country": "US", "postcode": "12345", "town_or_city": "abhdgsujd;s", "street_address1": "ahdsuuihsjd", "street_address2": "nkdfjhsdfjsuidj", "county": "jhbsdfhbash", "date": "2022-03-28T12:44:32.172Z", "delivery_cost": "0.00", "order_total": "99.99", "grand_total": "99.99", "original_basket": "", "stripe_pid": ""}}, {"model": "checkout.order", "pk": 10, "fields": {"order_number": "C36717A2BD594637B37B9D995C926252", "user_profile": null, "full_name": "test3", "email": "test@test.com", "phone_number": "1234568", "country": "US", "postcode": "12345", "town_or_city": "abhdgsujd;s", "street_address1": "ahdsuuihsjd", "street_address2": "nkdfjhsdfjsuidj", "county": "jhbsdfhbash", "date": "2022-03-28T12:47:46.955Z", "delivery_cost": "0.00", "order_total": "149.99", "grand_total": "149.99", "original_basket": "", "stripe_pid": ""}}, {"model": "checkout.order", "pk": 11, "fields": {"order_number": "596EA3EA585B47EAADDBDE0DA87D4B63", "user_profile": null, "full_name": "test3", "email": "test@test.com", "phone_number": "1234568", "country": "US", "postcode": "12345", "town_or_city": "abhdgsujd;s", "street_address1": "ahdsuuihsjd", "street_address2": "nkdfjhsdfjsuidj", "county": "jhbsdfhbash", "date": "2022-03-28T15:02:48.099Z", "delivery_cost": "5.00", "order_total": "49.99", "grand_total": "54.99", "original_basket": "{\"1\": {\"items_by_size\": {\"20in\": 1}}, \"5\": {\"items_by_size\": {\"L\": 1}}}", "stripe_pid": "pi_3KiK5CFQ2oNhlGm91AbrPj7e"}}, {"model": "checkout.order", "pk": 12, "fields": {"order_number": "901BF525CAD746C0A0A1A5A703AE354D", "user_profile": null, "full_name": "skdjhakughf", "email": "test@test.com", "phone_number": "1245853", "country": "US", "postcode": "rkgjfjn", "town_or_city": "asdfkgodfibjsg", "street_address1": "dflgmsdg;olhkspf;gol,", "street_address2": "dfg,sdfgklh';g", "county": "fghfklgm", "date": "2022-03-29T09:08:52.109Z", "delivery_cost": "0.00", "order_total": "0.00", "grand_total": "0.00", "original_basket": "{\"5\": {\"items_by_size\": {\"M\": 1}}}", "stripe_pid": "pi_3Kib1rFQ2oNhlGm908zTRMlv"}}, {"model": "checkout.order", "pk": 13, "fields": {"order_number": "500FAB8A6692431B8B2C67A9F9D316E7", "user_profile": null, "full_name": "test4", "email": "test@test.com", "phone_number": "1234568", "country": "US", "postcode": "12345", "town_or_city": "abhdgsujd;s", "street_address1": "ahdsuuihsjd", "street_address2": null, "county": "jhbsdfhbash", "date": "2022-03-29T09:45:05.820Z", "delivery_cost": "5.00", "order_total": "49.99", "grand_total": "54.99", "original_basket": "{\"1\": {\"items_by_size\": {\"20in\": 1}}, \"4\": {\"items_by_size\": {\"L\": 1}}}", "stripe_pid": "pi_3KibbHFQ2oNhlGm91fiHNUHN"}}, {"model": "checkout.order", "pk": 14, "fields": {"order_number": "983B2E4427CC4AD28BBDCF25AC11AD58", "user_profile": null, "full_name": "test4", "email": "test@test.com", "phone_number": "1234568", "country": "US", "postcode": "CF42 6BE", "town_or_city": "abhdgsujd;s", "street_address1": "ahdsuuihsjd", "street_address2": "dfg,sdfgklh';g", "county": "jhbsdfhbash", "date": "2022-03-29T11:01:34.773Z", "delivery_cost": "0.00", "order_total": "149.99", "grand_total": "149.99", "original_basket": "{\"3\": {\"items_by_size\": {\"L\": 1}}}", "stripe_pid": "pi_3KibkaFQ2oNhlGm91UEN0zA3"}}, {"model": "checkout.order", "pk": 15, "fields": {"order_number": "69F476A6B07247F485A72295B90DC344", "user_profile": null, "full_name": "test", "email": "test@test.com", "phone_number": "1234568", "country": "US", "postcode": "12345", "town_or_city": "abhdgsujd;s", "street_address1": "ahdsuuihsjd", "street_address2": "nkdfjhsdfjsuidj", "county": "jhbsdfhbash", "date": "2022-03-30T09:19:38.830Z", "delivery_cost": "0.00", "order_total": "149.99", "grand_total": "149.99", "original_basket": "{\"3\": {\"items_by_size\": {\"L\": 1}}}", "stripe_pid": "pi_3KixgGFQ2oNhlGm91g2ZDVRh"}}, {"model": "checkout.order", "pk": 16, "fields": {"order_number": "A07F0939DC634EF895007EC3597A00C3", "user_profile": null, "full_name": "test", "email": "test@test.com", "phone_number": "1234568", "country": "US", "postcode": "12345", "town_or_city": "abhdgsujd;s", "street_address1": "ahdsuuihsjd", "street_address2": "nkdfjhsdfjsuidj", "county": "jhbsdfhbash", "date": "2022-03-30T09:26:12.357Z", "delivery_cost": "0.00", "order_total": "99.99", "grand_total": "99.99", "original_basket": "{\"2\": {\"items_by_size\": {\"18in\": 1}}}", "stripe_pid": "pi_3KixmiFQ2oNhlGm908pDKuBo"}}, {"model": "checkout.order", "pk": 17, "fields": {"order_number": "3FC20A7ADF50435FB9C809FE1E77B077", "user_profile": null, "full_name": "test3", "email": "test@test.com", "phone_number": "1234568", "country": "US", "postcode": "12345", "town_or_city": "abhdgsujd;s", "street_address1": "ahdsuuihsjd", "street_address2": "nkdfjhsdfjsuidj", "county": "jhbsdfhbash", "date": "2022-03-30T10:01:23.331Z", "delivery_cost": "0.00", "order_total": "99.98", "grand_total": "99.98", "original_basket": "{\"1\": {\"items_by_size\": {\"20in\": 2}}}", "stripe_pid": "pi_3KiyKgFQ2oNhlGm91uhp1pCC"}}, {"model": "checkout.order", "pk": 18, "fields": {"order_number": "D54E3AEB7B9C4ABAA981D45819A448A2", "user_profile": null, "full_name": "test3", "email": "test@test.com", "phone_number": "1234568", "country": "US", "postcode": "12345", "town_or_city": "abhdgsujd;s", "street_address1": "ahdsuuihsjd", "street_address2": "nkdfjhsdfjsuidj", "county": "jhbsdfhbash", "date": "2022-03-30T10:11:43.002Z", "delivery_cost": "0.00", "order_total": "149.99", "grand_total": "149.99", "original_basket": "{\"3\": {\"items_by_size\": {\"N\": 1}}}", "stripe_pid": "pi_3KiyUmFQ2oNhlGm910MUiJcD"}}, {"model": "checkout.order", "pk": 19, "fields": {"order_number": "D52B086474564D0BA835487CE9A9EDCB", "user_profile": null, "full_name": "test3", "email": "test@test.com", "phone_number": "1234568", "country": "US", "postcode": "12345", "town_or_city": "abhdgsujd;s", "street_address1": "ahdsuuihsjd", "street_address2": "nkdfjhsdfjsuidj", "county": "jhbsdfhbash", "date": "2022-03-30T10:16:53.614Z", "delivery_cost": "0.00", "order_total": "149.99", "grand_total": "149.99", "original_basket": "{\"3\": {\"items_by_size\": {\"M\": 1}}}", "stripe_pid": "pi_3KiyZjFQ2oNhlGm91ROG2hAo"}}, {"model": "checkout.order", "pk": 20, "fields": {"order_number": "DF28B9A008594EDE87AC5877A360AF72", "user_profile": null, "full_name": "test3", "email": "test@test.com", "phone_number": "1234568", "country": "US", "postcode": "12345", "town_or_city": "abhdgsujd;s", "street_address1": "ahdsuuihsjd", "street_address2": "nkdfjhsdfjsuidj", "county": "jhbsdfhbash", "date": "2022-03-30T10:34:06.956Z", "delivery_cost": "0.00", "order_total": "299.98", "grand_total": "299.98", "original_basket": "{\"3\": {\"items_by_size\": {\"L\": 2}}}", "stripe_pid": "pi_3KiypSFQ2oNhlGm91EsEV2SS"}}, {"model": "checkout.order", "pk": 21, "fields": {"order_number": "62406505D567466E8558E98A993EDC4E", "user_profile": null, "full_name": "test3", "email": "test@test.com", "phone_number": "1234568", "country": "US", "postcode": "12345", "town_or_city": "abhdgsujd;s", "street_address1": "ahdsuuihsjd", "street_address2": "nkdfjhsdfjsuidj", "county": "jhbsdfhbash", "date": "2022-03-30T10:40:04.059Z", "delivery_cost": "0.00", "order_total": "99.99", "grand_total": "99.99", "original_basket": "{\"2\": {\"items_by_size\": {\"18in\": 1}}}", "stripe_pid": "pi_3KiyvaFQ2oNhlGm90wPBSTp2"}}, {"model": "checkout.order", "pk": 22, "fields": {"order_number": "BF97B0822EC844C4AE18E89D1A205A4B", "user_profile": null, "full_name": "testuser123", "email": "test@test.com", "phone_number": "1234568", "country": "US", "postcode": "12345", "town_or_city": "abhdgsujd;s", "street_address1": "ahdsuuihsjd", "street_address2": "nkdfjhsdfjsuidj", "county": "jhbsdfhbash", "date": "2022-03-31T15:50:11.919Z", "delivery_cost": "0.00", "order_total": "149.99", "grand_total": "149.99", "original_basket": "{\"3\": {\"items_by_size\": {\"M\": 1}}}", "stripe_pid": "pi_3KjQFNFQ2oNhlGm917A0nii1"}}, {"model": "checkout.order", "pk": 23, "fields": {"order_number": "D1DD4D6B8DD3483D9A9E3A0656F21333", "user_profile": null, "full_name": "test user", "email": "test@test.com", "phone_number": "1234568", "country": "US", "postcode": "12345", "town_or_city": "abhdgsujd;s", "street_address1": "ahdsuuihsjd", "street_address2": "nkdfjhsdfjsuidj", "county": "jhbsdfhbash", "date": "2022-03-31T16:18:35.285Z", "delivery_cost": "0.00", "order_total": "199.98", "grand_total": "199.98", "original_basket": "{\"2\": {\"items_by_size\": {\"22in\": 2}}}", "stripe_pid": "pi_3KjQhLFQ2oNhlGm90lv76jfo"}}, {"model": "checkout.order", "pk": 24, "fields": {"order_number": "6BCB2BC222A54339B2EA0B4C1BDE8820", "user_profile": null, "full_name": "test user", "email": "test@test.com", "phone_number": "1234568", "country": "US", "postcode": "12345", "town_or_city": "abhdgsujd;s", "street_address1": "ahdsuuihsjd", "street_address2": "nkdfjhsdfjsuidj", "county": "jhbsdfhbash", "date": "2022-03-31T16:53:55.506Z", "delivery_cost": "0.00", "order_total": "0.00", "grand_total": "0.00", "original_basket": "{\"4\": {\"items_by_size\": {\"K\": 1}}}", "stripe_pid": "pi_3KjRFgFQ2oNhlGm90K7aKU6N"}}, {"model": "checkout.order", "pk": 25, "fields": {"order_number": "4E4CA7B9513A4E0F949A7B3BD90657B6", "user_profile": null, "full_name": "test", "email": "andrewllewellyn.webdev@gmail.com", "phone_number": "0125458235", "country": "US", "postcode": "chdskjdfkj", "town_or_city": "testytest", "street_address1": "tets", "street_address2": "testing", "county": null, "date": "2022-04-10T09:29:35.169Z", "delivery_cost": "0.00", "order_total": "99.99", "grand_total": "99.99", "original_basket": "{\"2\": {\"items_by_size\": {\"18in\": 1}}}", "stripe_pid": "pi_3Kmx4MFQ2oNhlGm903YB63rz"}}, {"model": "checkout.orderlineitem", "pk": 4, "fields": {"order": 2, "product": 2, "product_size": "20in", "quantity": 1, "lineitem_total": "99.99"}}, {"model": "checkout.orderlineitem", "pk": 5, "fields": {"order": 3, "product": 3, "product_size": "O", "quantity": 1, "lineitem_total": "149.99"}}, {"model": "checkout.orderlineitem", "pk": 6, "fields": {"order": 3, "product": 2, "product_size": "24in", "quantity": 1, "lineitem_total": "99.99"}}, {"model": "checkout.orderlineitem", "pk": 7, "fields": {"order": 4, "product": 3, "product_size": null, "quantity": 1, "lineitem_total": "149.99"}}, {"model": "checkout.orderlineitem", "pk": 8, "fields": {"order": 5, "product": 1, "product_size": "20in", "quantity": 1, "lineitem_total": "49.99"}}, {"model": "checkout.orderlineitem", "pk": 10, "fields": {"order": 6, "product": 3, "product_size": null, "quantity": 1, "lineitem_total": "149.99"}}, {"model": "checkout.orderlineitem", "pk": 11, "fields": {"order": 7, "product": 3, "product_size": null, "quantity": 1, "lineitem_total": "149.99"}}, {"model": "checkout.orderlineitem", "pk": 12, "fields": {"order": 8, "product": 3, "product_size": "L", "quantity": 1, "lineitem_total": "149.99"}}, {"model": "checkout.orderlineitem", "pk": 14, "fields": {"order": 9, "product": 2, "product_size": "18in", "quantity": 1, "lineitem_total": "99.99"}}, {"model": "checkout.orderlineitem", "pk": 15, "fields": {"order": 10, "product": 3, "product_size": "L", "quantity": 1, "lineitem_total": "149.99"}}, {"model": "checkout.orderlineitem", "pk": 16, "fields": {"order": 11, "product": 1, "product_size": "20in", "quantity": 1, "lineitem_total": "49.99"}}, {"model": "checkout.orderlineitem", "pk": 19, "fields": {"order": 13, "product": 1, "product_size": "20in", "quantity": 1, "lineitem_total": "49.99"}}, {"model": "checkout.orderlineitem", "pk": 21, "fields": {"order": 14, "product": 3, "product_size": "L", "quantity": 1, "lineitem_total": "149.99"}}, {"model": "checkout.orderlineitem", "pk": 22, "fields": {"order": 15, "product": 3, "product_size": "L", "quantity": 1, "lineitem_total": "149.99"}}, {"model": "checkout.orderlineitem", "pk": 23, "fields": {"order": 16, "product": 2, "product_size": "18in", "quantity": 1, "lineitem_total": "99.99"}}, {"model": "checkout.orderlineitem", "pk": 24, "fields": {"order": 17, "product": 1, "product_size": "20in", "quantity": 2, "lineitem_total": "99.98"}}, {"model": "checkout.orderlineitem", "pk": 25, "fields": {"order": 18, "product": 3, "product_size": "N", "quantity": 1, "lineitem_total": "149.99"}}, {"model": "checkout.orderlineitem", "pk": 26, "fields": {"order": 19, "product": 3, "product_size": "M", "quantity": 1, "lineitem_total": "149.99"}}, {"model": "checkout.orderlineitem", "pk": 27, "fields": {"order": 20, "product": 3, "product_size": "L", "quantity": 2, "lineitem_total": "299.98"}}, {"model": "checkout.orderlineitem", "pk": 28, "fields": {"order": 21, "product": 2, "product_size": "18in", "quantity": 1, "lineitem_total": "99.99"}}, {"model": "checkout.orderlineitem", "pk": 29, "fields": {"order": 22, "product": 3, "product_size": "M", "quantity": 1, "lineitem_total": "149.99"}}, {"model": "checkout.orderlineitem", "pk": 30, "fields": {"order": 23, "product": 2, "product_size": "22in", "quantity": 2, "lineitem_total": "199.98"}}, {"model": "checkout.orderlineitem", "pk": 32, "fields": {"order": 25, "product": 2, "product_size": "18in", "quantity": 1, "lineitem_total": "99.99"}}]